40,Sonnerie Silencieux,"Mode Silence - Muet, Mode Silencieux, Calme, Chut Pour Iphone",45,Argentina,AR,1974.0,,,,,,,
129,unknown,eating sound,42,Australia,AU,1974.0,Includes the Ashmore and Cartier Islands and the Coral Sea Islands,,,,,,
137,moshimo sound design,Chopin Nocturne No. 2 Piano Mono,50,Australia,AU,1974.0,Includes the Ashmore and Cartier Islands and the Coral Sea Islands,,,,,,
152,Kevin MacLeod & Kevin The Monkey,Monkeys Spinning Monkeys,67,Australia,AU,1974.0,Includes the Ashmore and Cartier Islands and the Coral Sea Islands,,,,,,
211,moshimo sound design,Chopin Nocturne No. 2 Piano Mono,26,Austria,AT,1974.0,,,,,,,
215,Lt FitzGibbons Men,Monkeyshine-JP,30,Austria,AT,1974.0,,,,,,,
218,Kevin MacLeod & Kevin The Monkey,Monkeys Spinning Monkeys,33,Austria,AT,1974.0,,,,,,,
220,Draganov89,Epic Music(863502),36,Austria,AT,1974.0,,,,,,,
224,BCD Studio,Ready,40,Austria,AT,1974.0,,,,,,,
237,yo suzuki(akisai),"Funny video ""Carmen Prelude"" Arranging weakness(836530)",53,Austria,AT,1974.0,,,,,,,
246,Gloveity,"10 minutes, meditation, sleep, mindfulness, night(951759)",62,Austria,AT,1974.0,,,,,,,
252,Skittlegirl Sound,"Spooky, quiet, scary atmosphere piano songs",68,Austria,AT,1974.0,,,,,,,
258,BCD Studio,Sunrise,74,Austria,AT,1974.0,,,,,,,
259,takaya,"Suspense, horror, piano and music box",75,Austria,AT,1974.0,,,,,,,
261,Tansa,Powerful songs like action movie music,77,Austria,AT,1974.0,,,,,,,
271,Jason LoCricchio,Join the Team-Backing Track,87,Austria,AT,1974.0,,,,,,,
278,Apollo Nove,Creepy Violins,94,Austria,AT,1974.0,,,,,,,
296,Sonnerie Silencieux,"Mode Silence - Muet, Mode Silencieux, Calme, Chut Pour Iphone",12,Bahrain,BH,1974.0,,,,,,,
303,BCD Studio,Sunrise,19,Bahrain,BH,1974.0,,,,,,,
311,عبدالمجيد عبدالله,غزال ما ينصادي,27,Bahrain,BH,1974.0,,,,,,,
315,Tansa,Powerful songs like action movie music,31,Bahrain,BH,1974.0,,,,,,,
337,moshimo sound design,Chopin Nocturne No. 2 Piano Mono,53,Bahrain,BH,1974.0,,,,,,,
340,Draganov89,Epic Music(863502),56,Bahrain,BH,1974.0,,,,,,,
345,Oruc Amin,QapQara Zülmet Geceler,61,Bahrain,BH,1974.0,,,,,,,
355,Ufuk Kızıl,Kalk Gidelim,72,Bahrain,BH,1974.0,,,,,,,
362,syummacha,slow piano music(1297827),79,Bahrain,BH,1974.0,,,,,,,
368,Icy Light,Swan Lake 01 (Full Oke Normal Edition)(982830),85,Bahrain,BH,1974.0,,,,,,,
374,Jason LoCricchio,Join the Team-Backing Track,91,Bahrain,BH,1974.0,,,,,,,
375,Ponetto,"Comedy Scenes - Comical, stupid, odd, lovely (Drumless)(1441321)",92,Bahrain,BH,1974.0,,,,,,,
378,vmozjr,Seruling Kalonaho,96,Bahrain,BH,1974.0,,,,,,,
383,Jannat Islam Priya,ও কলিজার পাখি রে ও পরাণের পাখি রে এমন কইরা মারিস না আর আমায় তিলে তিলে,1,Bangladesh,BD,1974.0,,,,,,,
393,Sonnerie Silencieux,"Mode Silence - Muet, Mode Silencieux, Calme, Chut Pour Iphone",11,Bangladesh,BD,1974.0,,,,,,,
399,Kamrul Hasan Tuhin,ঢেউ জানা এক নদীর কাছে গভীর কিছু শেখার আছে সেই নদীতে নৌকো ভাসাই,17,Bangladesh,BD,1974.0,,,,,,,
403,420 Bnagla Song,মুরুব্বি মুরুব্বি উহু হুম হুম হুম,21,Bangladesh,BD,1974.0,,,,,,,
404,QUESS,1 second count / when button pressed / time signal 03(1107043),22,Bangladesh,BD,1974.0,,,,,,,
406,Ufuk Kızıl,Kalk Gidelim,24,Bangladesh,BD,1974.0,,,,,,,
408,Vishal Hasnain,গোলাপ ফুলের কাটা তোর বন্ধু সাদা মাটা,26,Bangladesh,BD,1974.0,,,,,,,
416,vmozjr,Seruling Kalonaho,34,Bangladesh,BD,1974.0,,,,,,,
420,Voice Amdadul,কত বন্ধু আইবো যাইবো,38,Bangladesh,BD,1974.0,,,,,,,
422,Farhan,অনেক কস্টের সাউন্ড,40,Bangladesh,BD,1974.0,,,,,,,
423,Darshan Raval,Tumko Mein Bhula Dunga,41,Bangladesh,BD,1974.0,,,,,,,
426,Sohag hasan,টাকা ছাড়া দুনিয়াটা অসেক কঠিন,44,Bangladesh,BD,1974.0,,,,,,,
427,Rohan Khan,ছায়া হয়ে থেকো পাশে সারা জীবন,45,Bangladesh,BD,1974.0,,,,,,,
428,Farhan,ইমোশনাল সাউন্ড,46,Bangladesh,BD,1974.0,,,,,,,
429,Mikail Hossain,তুমি অন্য গ্রহের চাঁদ লোফি,47,Bangladesh,BD,1974.0,,,,,,,
432,Akash Chowdhury,ওই চোখে চোখ রেখে অপলকে দেখে দেখে,50,Bangladesh,BD,1974.0,,,,,,,
434,ati2x06 & KlaizeeXD & Eixran,NEXT! - Sped Up,52,Bangladesh,BD,1974.0,,,,,,,
438,Kamrul Hasan Tuhin,তোমার আমার ভালোবাসা সাগরের চেয়েও বিশাল,56,Bangladesh,BD,1974.0,,,,,,,
439,"Alboom, Mattia Feliciani, Matteo Locasciulli, Victor Galey,",No Redemption,57,Bangladesh,BD,1974.0,,,,,,,
440,Oruc Amin,QapQara Zülmet Geceler,58,Bangladesh,BD,1974.0,,,,,,,
443,Azhari Waz,আল্লাহ আপনি আমার গুনা মাফ করেন,61,Bangladesh,BD,1974.0,,,,,,,
444,Akash Chowdhury,প্রথম দেখার কালে তারে লেগেছিল ভালো,62,Bangladesh,BD,1974.0,,,,,,,
446,Rohan Khan Rohan,এক সাথে রয়েছি দুজন এক ডুরে বাঁধা দুটি প্রান,64,Bangladesh,BD,1974.0,,,,,,,
454,TANGE TANGE Official,প্লিজ আমাকে ক্ষমা করে দাও,72,Bangladesh,BD,1974.0,,,,,,,
457,Ah2,Retro Relaxation (Syn),75,Bangladesh,BD,1974.0,,,,,,,
465,Faizur Rahman Khan,দীপান্বিতা,83,Bangladesh,BD,1974.0,,,,,,,
467,Rahman Patwary,আমারতো কেউ নেই তুমি ছাড়া,85,Bangladesh,BD,1974.0,,,,,,,
469,Zaman Islam,বুঝবি তুই কাঁদবি তুই যখন আমি থাকবোনা,87,Bangladesh,BD,1974.0,,,,,,,
471,ati2x06 & KlaizeeXD & Eixran,NEXT!,89,Bangladesh,BD,1974.0,,,,,,,
476,Akam,Shadows in the Night 2,94,Bangladesh,BD,1974.0,,,,,,,
479,Mohona Islam Mithi,পরীর মুখে মিষ্টি হাসি দেখতে চমৎকার,97,Bangladesh,BD,1974.0,,,,,,,
511,Apollo Nove,Creepy Violins,29,Belarus,BY,1974.0,Code taken from previous country name used by ISO: Byelorussian SSR,,,,,,
520,moshimo sound design,Chopin Nocturne No. 2 Piano Mono,38,Belarus,BY,1974.0,Code taken from previous country name used by ISO: Byelorussian SSR,,,,,,
524,Bianka & Artur Babich,Byli tancy,42,Belarus,BY,1974.0,Code taken from previous country name used by ISO: Byelorussian SSR,,,,,,
528,Draganov89,Epic Music(863502),46,Belarus,BY,1974.0,Code taken from previous country name used by ISO: Byelorussian SSR,,,,,,
534,GXMZ,FRAY (Slowed),52,Belarus,BY,1974.0,Code taken from previous country name used by ISO: Byelorussian SSR,,,,,,
539,马驰骋,green to blue（马驰骋 Remix）,57,Belarus,BY,1974.0,Code taken from previous country name used by ISO: Byelorussian SSR,,,,,,
555,BCD Studio,Sunrise,73,Belarus,BY,1974.0,Code taken from previous country name used by ISO: Byelorussian SSR,,,,,,
561,Rosie_Sd,Роднее нет,79,Belarus,BY,1974.0,Code taken from previous country name used by ISO: Byelorussian SSR,,,,,,
577,Kevin MacLeod & Kevin The Monkey,Monkeys Spinning Monkeys,95,Belarus,BY,1974.0,Code taken from previous country name used by ISO: Byelorussian SSR,,,,,,
578,Kohrogi,"Elegant and gentle, Boccellini's Menuet",96,Belarus,BY,1974.0,Code taken from previous country name used by ISO: Byelorussian SSR,,,,,,
579,ati2x06 & KlaizeeXD & Twinzy,Ela Joga na Hora,97,Belarus,BY,1974.0,Code taken from previous country name used by ISO: Byelorussian SSR,,,,,,
612,Lt FitzGibbons Men,Monkeyshine-JP,30,Belgium,BE,1974.0,,,,,,,
628,Gloveity,"10 minutes, meditation, sleep, mindfulness, night(951759)",47,Belgium,BE,1974.0,,,,,,,
630,BCD Studio,Ready,49,Belgium,BE,1974.0,,,,,,,
647,FREDERIC BOUCHAL,Romantic Classical Piano Solo,66,Belgium,BE,1974.0,,,,,,,
651,yo suzuki(akisai),"Funny video ""Carmen Prelude"" Arranging weakness(836530)",70,Belgium,BE,1974.0,,,,,,,
653,Draganov89,Epic Music(863502),72,Belgium,BE,1974.0,,,,,,,
656,Kevin MacLeod & Kevin The Monkey,Monkeys Spinning Monkeys,75,Belgium,BE,1974.0,,,,,,,
675,takaya,"Suspense, horror, piano and music box",94,Belgium,BE,1974.0,,,,,,,
707,takaya,"Suspense, horror, piano and music box",27,Brazil,BR,1974.0,,,,,,,
727,Sonnerie Silencieux,"Mode Silence - Muet, Mode Silencieux, Calme, Chut Pour Iphone",47,Brazil,BR,1974.0,,,,,,,
748,Previas MC´s,365 Dias 325 Na Água,70,Brazil,BR,1974.0,,,,,,,
763,KADU SUCESSADA & Funk SÉRIE GOLD & Ritmo Carioca,Minha Boca Na Sua-FUNK BH,85,Brazil,BR,1974.0,,,,,,,
769,MC Patinhas & Gelado no Beat & jm tsv & JR na Voz,Toma na Tchequinha,92,Brazil,BR,1974.0,,,,,,,
820,Васил Найденов,Синева,45,Bulgaria,BG,1974.0,,,,,,,
826,Lt FitzGibbons Men,Monkeyshine-JP,51,Bulgaria,BG,1974.0,,,,,,,
830,BCD Studio,Ready,55,Bulgaria,BG,1974.0,,,,,,,
841,highmelih & ati2x06 & onvrwalker,Kabul Olan Tek Duamsın,66,Bulgaria,BG,1974.0,,,,,,,
856,gogokid iLab,Jingle Bells,81,Bulgaria,BG,1974.0,,,,,,,
858,Gloveity,"10 minutes, meditation, sleep, mindfulness, night(951759)",83,Bulgaria,BG,1974.0,,,,,,,
863,BCD Studio,Sunrise,88,Bulgaria,BG,1974.0,,,,,,,
877,moshimo sound design,Chopin Nocturne No. 2 Piano Mono,2,Cambodia,KH,1974.0,Code taken from former name: Khmer Republic,,,,,,
891,Gendis YETE,DJ DANZA KUDURO X CATUCADEW,16,Cambodia,KH,1974.0,Code taken from former name: Khmer Republic,,,,,,
920,苏鹤&萌妹,NevadaDJ（抖音热播）,45,Cambodia,KH,1974.0,Code taken from former name: Khmer Republic,,,,,,
921,yo suzuki(akisai),"Funny video ""Carmen Prelude"" Arranging weakness(836530)",46,Cambodia,KH,1974.0,Code taken from former name: Khmer Republic,,,,,,
928,Apollo Nove,Creepy Violins,53,Cambodia,KH,1974.0,Code taken from former name: Khmer Republic,,,,,,
931,抖音世界,刚好遇见你 (DJ电摇版),56,Cambodia,KH,1974.0,Code taken from former name: Khmer Republic,,,,,,
939,Mianyang,起风了 (Cover 买辣椒也用券),64,Cambodia,KH,1974.0,Code taken from former name: Khmer Republic,,,,,,
946,刘汉成,Jar Of Love（DJ版） (刘汉成 Remix),71,Cambodia,KH,1974.0,Code taken from former name: Khmer Republic,,,,,,
962,Ufuk Kızıl,Kalk Gidelim,87,Cambodia,KH,1974.0,Code taken from former name: Khmer Republic,,,,,,
963,ព្រាប សុវត្ថិ & ម៉េង កែវពេជ្ជតា,ឋានសួគ៌ស្នេហ៍,88,Cambodia,KH,1974.0,Code taken from former name: Khmer Republic,,,,,,
967,DJ阿智,爱的尽头是什么,93,Cambodia,KH,1974.0,Code taken from former name: Khmer Republic,,,,,,
969,NOVA,Sad song by piano and violin(886018),95,Cambodia,KH,1974.0,Code taken from former name: Khmer Republic,,,,,,
1015,Kevin MacLeod & Kevin The Monkey,Monkeys Spinning Monkeys,41,Canada,CA,1974.0,,,,,,,
1017,unknown,eating sound,43,Canada,CA,1974.0,,,,,,,
1034,moshimo sound design,Chopin Nocturne No. 2 Piano Mono,60,Canada,CA,1974.0,,,,,,,
1053,Draganov89,Epic Music(863502),80,Canada,CA,1974.0,,,,,,,
1059,KBYS,Stealthy mischief(1088178),86,Canada,CA,1974.0,,,,,,,
1064,takaya,"Suspense, horror, piano and music box",91,Canada,CA,1974.0,,,,,,,
1067,Skittlegirl Sound,"Spooky, quiet, scary atmosphere piano songs",94,Canada,CA,1974.0,,,,,,,
1101,Sonnerie Silencieux,"Mode Silence - Muet, Mode Silencieux, Calme, Chut Pour Iphone",30,Chile,CL,1974.0,,,,,,,
1113,moshimo sound design,Chopin Nocturne No. 2 Piano Mono,44,Chile,CL,1974.0,,,,,,,
1140,MoppySound,Ambient-style emotional piano,71,Chile,CL,1974.0,,,,,,,
1150,takaya,"Suspense, horror, piano and music box",81,Chile,CL,1974.0,,,,,,,
1158,Canal Records JP,Rock and Roll Session,89,Chile,CL,1974.0,,,,,,,
1196,KAROL G & Feid & DFZM,+57,29,Colombia,CO,1974.0,,,,,,,
1251,Sonnerie Silencieux,"Mode Silence - Muet, Mode Silencieux, Calme, Chut Pour Iphone",94,Colombia,CO,1974.0,,,,,,,
1288,Sepra,Cerak,32,Croatia,HR,1992.0,Code taken from name in Croatian: Hrvatska,,,,,,
1299,Lt FitzGibbons Men,Monkeyshine-JP,43,Croatia,HR,1992.0,Code taken from name in Croatian: Hrvatska,,,,,,
1310,Jason LoCricchio,Join the Team-Backing Track,55,Croatia,HR,1992.0,Code taken from name in Croatian: Hrvatska,,,,,,
1330,Gloveity,"10 minutes, meditation, sleep, mindfulness, night(951759)",75,Croatia,HR,1992.0,Code taken from name in Croatian: Hrvatska,,,,,,
1333,yo suzuki(akisai),"Funny video ""Carmen Prelude"" Arranging weakness(836530)",78,Croatia,HR,1992.0,Code taken from name in Croatian: Hrvatska,,,,,,
1337,Kevin MacLeod & Kevin The Monkey,Monkeys Spinning Monkeys,82,Croatia,HR,1992.0,Code taken from name in Croatian: Hrvatska,,,,,,
1342,Draganov89,Epic Music(863502),87,Croatia,HR,1992.0,Code taken from name in Croatian: Hrvatska,,,,,,
1345,BCD Studio,Sunrise,90,Croatia,HR,1992.0,Code taken from name in Croatian: Hrvatska,,,,,,
1350,"Queens Road, Fabian Graetz",FEEL THE GROOVE,95,Croatia,HR,1992.0,Code taken from name in Croatian: Hrvatska,,,,,,
1351,Skittlegirl Sound,"Spooky, quiet, scary atmosphere piano songs",96,Croatia,HR,1992.0,Code taken from name in Croatian: Hrvatska,,,,,,
1352,Apollo Nove,Creepy Violins,97,Croatia,HR,1992.0,Code taken from name in Croatian: Hrvatska,,,,,,
1398,Lt FitzGibbons Men,Monkeyshine-JP,44,Czechia,CZ,1993.0,,,,,,,
1419,Healing Music Lab,Healing music of love frequency 528Hz(1288586),65,Czechia,CZ,1993.0,,,,,,,
1427,BCD Studio,Ready,73,Czechia,CZ,1993.0,,,,,,,
1428,Clavier,Hinoki Wood,74,Czechia,CZ,1993.0,,,,,,,
1431,yo suzuki(akisai),"Funny video ""Carmen Prelude"" Arranging weakness(836530)",77,Czechia,CZ,1993.0,,,,,,,
1434,Gloveity,"10 minutes, meditation, sleep, mindfulness, night(951759)",80,Czechia,CZ,1993.0,,,,,,,
1442,Kevin MacLeod & Kevin The Monkey,Monkeys Spinning Monkeys,89,Czechia,CZ,1993.0,,,,,,,
1446,Draganov89,Epic Music(863502),93,Czechia,CZ,1993.0,,,,,,,
1473,Annika,Så længe jeg er s3xy.,20,Denmark,DK,1974.0,,,,,,,
1483,zack famøs!,HOP IND I BILEN,30,Denmark,DK,1974.0,,,,,,,
1491,Lt FitzGibbons Men,Monkeyshine-JP,38,Denmark,DK,1974.0,,,,,,,
1503,moshimo sound design,Chopin Nocturne No. 2 Piano Mono,50,Denmark,DK,1974.0,,,,,,,
1506,unknown,eating sound,53,Denmark,DK,1974.0,,,,,,,
1525,Clavier,Hinoki Wood,72,Denmark,DK,1974.0,,,,,,,
1546,Kevin MacLeod & Kevin The Monkey,Monkeys Spinning Monkeys,93,Denmark,DK,1974.0,,,,,,,
1581,مهرجان,المشاغبين (Almushaghibin),29,Egypt,EG,1974.0,,,,,,,
1588,رضوان محمود,صلوا على المصطفى (بدون موسيقى),36,Egypt,EG,1974.0,,,,,,,
1590,Ufuk Kızıl,Kalk Gidelim,38,Egypt,EG,1974.0,,,,,,,
1594,أمين خطاب و أحمد نافع,انا يلا الخطر ( انا عامل قلق ),42,Egypt,EG,1974.0,,,,,,,
1595,BCD Studio,Sunrise,43,Egypt,EG,1974.0,,,,,,,
1598,Sonnerie Silencieux,"Mode Silence - Muet, Mode Silencieux, Calme, Chut Pour Iphone",46,Egypt,EG,1974.0,,,,,,,
1602,Abdullah Nasser,حلوه حياتي معاه,50,Egypt,EG,1974.0,,,,,,,
1603,Resha Costa & Samara Now & Kozbra & Kozbara,عيد ميلادي,51,Egypt,EG,1974.0,,,,,,,
1609,شواحه,مهرجان تشكيل عصابى,57,Egypt,EG,1974.0,,,,,,,
1610,كزبرة,حبيبي,58,Egypt,EG,1974.0,,,,,,,
1612,Framel & Ahmed Figo,نيجي ناخد اللقطه,60,Egypt,EG,1974.0,,,,,,,
1613,محمود العسيلي,في الساحل,61,Egypt,EG,1974.0,,,,,,,
1619,نادر السيد & Nader Elsayed,ابطال على مين يا حيله,67,Egypt,EG,1974.0,,,,,,,
1622,Y8MD,Mosquito sound 15000Hz,71,Egypt,EG,1974.0,,,,,,,
1623,Ah2,Show Stopper (Syn),72,Egypt,EG,1974.0,,,,,,,
1631,محمود العسيلي,في الساحل,80,Egypt,EG,1974.0,,,,,,,
1643,محمود العسيلي,100 حاجة و 50,92,Egypt,EG,1974.0,,,,,,,
1644,Mostafa Al Sultan & Mohamed El Fanan,روحت و جيت منغير خربوش,93,Egypt,EG,1974.0,,,,,,,
1647,حمزة المحمداوي,اول مرة,96,Egypt,EG,1974.0,,,,,,,
1650,Abd El Salam | Seif Mady | Shalasha - سيف مجدي | شئلشة | عبسلام,3ozran Qad Hadar El 3ao - عذرا قد حضر العو,99,Egypt,EG,1974.0,,,,,,,
1680,LC DE VV,Troll Phonk,29,Estonia,EE,1992.0,Code taken from name in Estonian: Eesti,,,,,,
1696,Clavier,Hinoki Wood,45,Estonia,EE,1992.0,Code taken from name in Estonian: Eesti,,,,,,
1704,BCD Studio,Ready,53,Estonia,EE,1992.0,Code taken from name in Estonian: Eesti,,,,,,
1708,moshimo sound design,Chopin Nocturne No. 2 Piano Mono,57,Estonia,EE,1992.0,Code taken from name in Estonian: Eesti,,,,,,
1709,unknown,eating sound,58,Estonia,EE,1992.0,Code taken from name in Estonian: Eesti,,,,,,
1718,Draganov89,Epic Music(863502),67,Estonia,EE,1992.0,Code taken from name in Estonian: Eesti,,,,,,
1727,Gloveity,"10 minutes, meditation, sleep, mindfulness, night(951759)",77,Estonia,EE,1992.0,Code taken from name in Estonian: Eesti,,,,,,
1738,Apollo Nove,Creepy Violins,88,Estonia,EE,1992.0,Code taken from name in Estonian: Eesti,,,,,,
1749,Kevin MacLeod & Kevin The Monkey,Monkeys Spinning Monkeys,99,Estonia,EE,1992.0,Code taken from name in Estonian: Eesti,,,,,,
1776,unknown,eating sound,26,Finland,FI,1974.0,,,,,,,
1786,Clavier,Hinoki Wood,36,Finland,FI,1974.0,,,,,,,
1789,Icy Light,Grieg / Morning Mood 02 (Full Oke LP version)(899765),39,Finland,FI,1974.0,,,,,,,
1807,Turisti & baka®,Tyhmäks,57,Finland,FI,1974.0,,,,,,,
1812,Lt FitzGibbons Men,Monkeyshine-JP,62,Finland,FI,1974.0,,,,,,,
1817,Mckyyy,Сладко/Sladko (Slowed),67,Finland,FI,1974.0,,,,,,,
1835,AllMusicGallery,"L.Boccherini, Minuet from String Quartet No.5 in F major",85,Finland,FI,1974.0,,,,,,,
1837,Piero Piccioni,Western Music: Arizona Dreaming,87,Finland,FI,1974.0,,,,,,,
1867,Lt FitzGibbons Men,Monkeyshine-JP,17,France,FR,1974.0,Includes Clipperton Island,,,,,,
1876,FREDERIC BOUCHAL,Romantic Classical Piano Solo,26,France,FR,1974.0,Includes Clipperton Island,,,,,,
1877,moshimo sound design,Chopin Nocturne No. 2 Piano Mono,27,France,FR,1974.0,Includes Clipperton Island,,,,,,
1885,Draganov89,Epic Music(863502),35,France,FR,1974.0,Includes Clipperton Island,,,,,,
1886,takaya,"Suspense, horror, piano and music box",36,France,FR,1974.0,Includes Clipperton Island,,,,,,
1890,Kevin MacLeod & Kevin The Monkey,Monkeys Spinning Monkeys,41,France,FR,1974.0,Includes Clipperton Island,,,,,,
1905,yo suzuki(akisai),"Funny video ""Carmen Prelude"" Arranging weakness(836530)",57,France,FR,1974.0,Includes Clipperton Island,,,,,,
1918,Gloveity,"10 minutes, meditation, sleep, mindfulness, night(951759)",70,France,FR,1974.0,Includes Clipperton Island,,,,,,
1921,BCD Studio,Ready,73,France,FR,1974.0,Includes Clipperton Island,,,,,,
1961,Kevin MacLeod & Kevin The Monkey,Monkeys Spinning Monkeys,13,Germany,DE,1974.0,Code taken from name in German: Deutschland,,,,,,
1967,Lt FitzGibbons Men,Monkeyshine-JP,19,Germany,DE,1974.0,Code taken from name in German: Deutschland,,,,,,
1968,Draganov89,Epic Music(863502),20,Germany,DE,1974.0,Code taken from name in German: Deutschland,,,,,,
1984,takaya,"Suspense, horror, piano and music box",36,Germany,DE,1974.0,Code taken from name in German: Deutschland,,,,,,
2000,yo suzuki(akisai),"Funny video ""Carmen Prelude"" Arranging weakness(836530)",53,Germany,DE,1974.0,Code taken from name in German: Deutschland,,,,,,
2003,Gloveity,"10 minutes, meditation, sleep, mindfulness, night(951759)",56,Germany,DE,1974.0,Code taken from name in German: Deutschland,,,,,,
2006,BCD Studio,Ready,59,Germany,DE,1974.0,Code taken from name in German: Deutschland,,,,,,
2012,BCD Studio,Sunrise,65,Germany,DE,1974.0,Code taken from name in German: Deutschland,,,,,,
2013,Skittlegirl Sound,"Spooky, quiet, scary atmosphere piano songs",66,Germany,DE,1974.0,Code taken from name in German: Deutschland,,,,,,
2016,Tansa,Powerful songs like action movie music,69,Germany,DE,1974.0,Code taken from name in German: Deutschland,,,,,,
2036,Jason LoCricchio,Join the Team-Backing Track,89,Germany,DE,1974.0,Code taken from name in German: Deutschland,,,,,,
2061,BCD Studio,Ready,14,Greece,GR,1974.0,,,,,,,
2083,Lt FitzGibbons Men,Monkeyshine-JP,37,Greece,GR,1974.0,,,,,,,
2104,yo suzuki(akisai),"Funny video ""Carmen Prelude"" Arranging weakness(836530)",58,Greece,GR,1974.0,,,,,,,
2109,Draganov89,Epic Music(863502),63,Greece,GR,1974.0,,,,,,,
2120,BCD Studio,Sunrise,74,Greece,GR,1974.0,,,,,,,
2123,Gloveity,"10 minutes, meditation, sleep, mindfulness, night(951759)",77,Greece,GR,1974.0,,,,,,,
2125,Apollo Nove,Creepy Violins,79,Greece,GR,1974.0,,,,,,,
2134,3KTrack,"Christmas song ""Let's decorate""",88,Greece,GR,1974.0,,,,,,,
2142,Dani Gambino & Dj The Boy,Paidi,96,Greece,GR,1974.0,,,,,,,
2170,Lt FitzGibbons Men,Monkeyshine-JP,25,Hungary,HU,1974.0,,,,,,,
2182,BCD Studio,Ready,37,Hungary,HU,1974.0,,,,,,,
2204,Gloveity,"10 minutes, meditation, sleep, mindfulness, night(951759)",59,Hungary,HU,1974.0,,,,,,,
2214,BCD Studio,Sunrise,69,Hungary,HU,1974.0,,,,,,,
2220,Draganov89,Epic Music(863502),75,Hungary,HU,1974.0,,,,,,,
2221,yo suzuki(akisai),"Funny video ""Carmen Prelude"" Arranging weakness(836530)",77,Hungary,HU,1974.0,,,,,,,
2222,"Queens Road, Fabian Graetz",FEEL THE GROOVE,78,Hungary,HU,1974.0,,,,,,,
2237,3KTrack,"Christmas song ""Let's decorate""",93,Hungary,HU,1974.0,,,,,,,
2268,unknown,eating sound,24,Iceland,IS,1974.0,Code taken from name in Icelandic: Ísland,,,,,,
2274,Clavier,Hinoki Wood,30,Iceland,IS,1974.0,Code taken from name in Icelandic: Ísland,,,,,,
2281,Piero Piccioni,Western Music: Arizona Dreaming,37,Iceland,IS,1974.0,Code taken from name in Icelandic: Ísland,,,,,,
2288,Lt FitzGibbons Men,Monkeyshine-JP,44,Iceland,IS,1974.0,Code taken from name in Icelandic: Ísland,,,,,,
2292,Icy Light,Grieg / Morning Mood 02 (Full Oke LP version)(899765),48,Iceland,IS,1974.0,Code taken from name in Icelandic: Ísland,,,,,,
2301,MusicBox,Yacht Club,57,Iceland,IS,1974.0,Code taken from name in Icelandic: Ísland,,,,,,
2311,Kevin MacLeod & Kevin The Monkey,Monkeys Spinning Monkeys,67,Iceland,IS,1974.0,Code taken from name in Icelandic: Ísland,,,,,,
2315,moshimo sound design,Chopin Nocturne No. 2 Piano Mono,72,Iceland,IS,1974.0,Code taken from name in Icelandic: Ísland,,,,,,
2339,yo suzuki(akisai),"Funny video ""Carmen Prelude"" Arranging weakness(836530)",96,Iceland,IS,1974.0,Code taken from name in Icelandic: Ísland,,,,,,
2342,Gloveity,"10 minutes, meditation, sleep, mindfulness, night(951759)",99,Iceland,IS,1974.0,Code taken from name in Icelandic: Ísland,,,,,,
2355,yo suzuki(akisai),"Funny video ""Carmen Prelude"" Arranging weakness(836530)",12,Indonesia,ID,1974.0,,,,,,,
2364,DJ Manikci Team,DJ MORE THAN YOU KNOW X ALONE MELODY,21,Indonesia,ID,1974.0,,,,,,,
2378,Antenor Falcao Canto,Hilang Harapan,36,Indonesia,ID,1974.0,,,,,,,
2392,Kevin MacLeod & Kevin The Monkey,Monkeys Spinning Monkeys,51,Indonesia,ID,1974.0,,,,,,,
2399,DJ CLAUDIA CHANDRA,Jj Fvnkot Jangan Salah Pasangan,58,Indonesia,ID,1974.0,,,,,,,
2412,Ranto Dj,Gara gara sebotol,71,Indonesia,ID,1974.0,,,,,,,
2418,ArcTracks,Cooking BGM (Japanese style),77,Indonesia,ID,1974.0,,,,,,,
2419,orino,Vlog ・ Stylish city pop(1275391),78,Indonesia,ID,1974.0,,,,,,,
2424,MaSssuguMusic,Ghibli-style nostalgic waltz,83,Indonesia,ID,1974.0,,,,,,,
2425,Astro Boyke,Menyala Mama Muda,84,Indonesia,ID,1974.0,,,,,,,
2428,上野燿,Animal baby,87,Indonesia,ID,1974.0,,,,,,,
2439,GOGOKID兴趣实验室,Baby Face,99,Indonesia,ID,1974.0,,,,,,,
2449,moshimo sound design,Chopin Nocturne No. 2 Piano Mono,9,Iraq,IQ,1974.0,,,,,,,
2463,Ufuk Kızıl,Kalk Gidelim,24,Iraq,IQ,1974.0,,,,,,,
2465,QUESS,1 second count / when button pressed / time signal 03(1107043),26,Iraq,IQ,1974.0,,,,,,,
2468,Y8MD,Mosquito sound 15000Hz,29,Iraq,IQ,1974.0,,,,,,,
2470,عبدالمجيد عبدالله,غزال ما ينصادي,31,Iraq,IQ,1974.0,,,,,,,
2472,Ahmad Almasdar,عزف دحية طرب حماسيه,33,Iraq,IQ,1974.0,,,,,,,
2477,العالمي,شيخ الزلم,38,Iraq,IQ,1974.0,,,,,,,
2481,3Tbfm,موسيقى هدوء,42,Iraq,IQ,1974.0,,,,,,,
2485,حسام الرسام,كيمر عرب,46,Iraq,IQ,1974.0,,,,,,,
2486,BCD Studio,Sunrise,47,Iraq,IQ,1974.0,,,,,,,
2487,سليم سالم,يا حته,48,Iraq,IQ,1974.0,,,,,,,
2489,Ah2,Show Stopper (Syn),50,Iraq,IQ,1974.0,,,,,,,
2495,حمزة المحمداوي,اول مرة,56,Iraq,IQ,1974.0,,,,,,,
2496,Tansa,Powerful songs like action movie music,57,Iraq,IQ,1974.0,,,,,,,
2497,Ali Al Zenaby,هلا بخيالها,58,Iraq,IQ,1974.0,,,,,,,
2498,حمزة المحمداوي,ابنچ عراقي,59,Iraq,IQ,1974.0,,,,,,,
2500,Abdullah Nasser,حلوه حياتي معاه,61,Iraq,IQ,1974.0,,,,,,,
2501,Wlliy Lerato,موسيقى حزينه,62,Iraq,IQ,1974.0,,,,,,,
2505,"Alboom, Mattia Feliciani, Matteo Locasciulli, Victor Galey,",No Redemption,66,Iraq,IQ,1974.0,,,,,,,
2507,3TBFM,موسيقى الشوق,68,Iraq,IQ,1974.0,,,,,,,
2516,رضوان محمود,صلوا على المصطفى (بدون موسيقى),77,Iraq,IQ,1974.0,,,,,,,
2570,moshimo sound design,Chopin Nocturne No. 2 Piano Mono,31,Ireland,IE,1974.0,,,,,,,
2610,Lt FitzGibbons Men,Monkeyshine-JP,72,Ireland,IE,1974.0,,,,,,,
2611,Clavier,Hinoki Wood,73,Ireland,IE,1974.0,,,,,,,
2638,BCD Studio,Ready,100,Ireland,IE,1974.0,,,,,,,
2661,Mega & Meneer Cee,Pikkewyne (Remix),23,Israel,IL,1974.0,,,,,,,
2693,סטילה & נס,מגדלים 1,55,Israel,IL,1974.0,,,,,,,
2694,BCD Studio,Sunrise,56,Israel,IL,1974.0,,,,,,,
2697,F4ST & Cornetto,YAMORE (Afrohouse),59,Israel,IL,1974.0,,,,,,,
2699,Sonnerie Silencieux,"Mode Silence - Muet, Mode Silencieux, Calme, Chut Pour Iphone",61,Israel,IL,1974.0,,,,,,,
2701,סטילה & נס,מגדלים 2,63,Israel,IL,1974.0,,,,,,,
2707,Tansa,Powerful songs like action movie music,69,Israel,IL,1974.0,,,,,,,
2710,Draganov89,Epic Music(863502),72,Israel,IL,1974.0,,,,,,,
2720,عبدالمجيد عبدالله,غزال ما ينصادي,82,Israel,IL,1974.0,,,,,,,
2730,Apollo Nove,Creepy Violins,92,Israel,IL,1974.0,,,,,,,
2733,Kevin MacLeod & Kevin The Monkey,Monkeys Spinning Monkeys,95,Israel,IL,1974.0,,,,,,,
2783,Lt FitzGibbons Men,Monkeyshine-JP,47,Italy,IT,1974.0,,,,,,,
2809,Gloveity,"10 minutes, meditation, sleep, mindfulness, night(951759)",74,Italy,IT,1974.0,,,,,,,
2810,BCD Studio,Ready,75,Italy,IT,1974.0,,,,,,,
2813,七元,Bleeding Love,78,Italy,IT,1974.0,,,,,,,
2819,yo suzuki(akisai),"Funny video ""Carmen Prelude"" Arranging weakness(836530)",84,Italy,IT,1974.0,,,,,,,
2837,Koresawa,Dear ex-girlfriends (1 Chorus Ver.),2,Japan,JP,1974.0,,,,,,,
2854,Koresawa,Dear ex-girlfriends (2A Verse Ver.),19,Japan,JP,1974.0,,,,,,,
2856,Kyururin te Shitemite,きゅるりんしてみて,21,Japan,JP,1974.0,,,,,,,
2857,Shinonome,"Athletic Meet ""Heaven and Hell"" (No Introduction)",22,Japan,JP,1974.0,,,,,,,
2861,syummacha,Piano music and BGM that match the emotional scene(1291542),26,Japan,JP,1974.0,,,,,,,
2863,sanusagi,Cute heartwarming BGM(1490583),29,Japan,JP,1974.0,,,,,,,
2876,Pink Elephant Lab,Inspiring Beautiful Angelic Background(804925),42,Japan,JP,1974.0,,,,,,,
2880,Sumochi,heartwarming everyday song(1370853),47,Japan,JP,1974.0,,,,,,,
2883,Kids Sound,Cheap and cute athletic meet classic song(1085557),50,Japan,JP,1974.0,,,,,,,
2888,stustu studio,A mysterious and magnificent song with a divine feel(1010973),55,Japan,JP,1974.0,,,,,,,
2889,Koresawa,Don't Cheat! (1 Chorus),56,Japan,JP,1974.0,,,,,,,
2890,tomori,Ghibli-like piano solo ballad(957146),57,Japan,JP,1974.0,,,,,,,
2905,Kocchi no Kento,Mouiiyo,74,Japan,JP,1974.0,,,,,,,
2907,Hiro Hattori,Stylish cafe-style BGM,76,Japan,JP,1974.0,,,,,,,
2914,yuki,ぐだぐだな感じ,83,Japan,JP,1974.0,,,,,,,
2917,PeriTune,A friendly music box,86,Japan,JP,1974.0,,,,,,,
2919,浜野はるき,Princess GaL(GaL ver),88,Japan,JP,1974.0,,,,,,,
2921,syummacha,piano songs for emotional scenes(1291536),90,Japan,JP,1974.0,,,,,,,
2924,Kyururin te Shitemite,しゅーぱーめるてぃらびゅふれーばー♡,93,Japan,JP,1974.0,,,,,,,
2934,عبدالمجيد عبدالله,غزال ما ينصادي,4,Jordan,JO,1974.0,,,,,,,
2950,Sonnerie Silencieux,"Mode Silence - Muet, Mode Silencieux, Calme, Chut Pour Iphone",20,Jordan,JO,1974.0,,,,,,,
2959,BCD Studio,Sunrise,29,Jordan,JO,1974.0,,,,,,,
2965,حمزة المحمداوي,اول مرة,35,Jordan,JO,1974.0,,,,,,,
2967,Tansa,Powerful songs like action movie music,37,Jordan,JO,1974.0,,,,,,,
2973,رضوان محمود,صلوا على المصطفى (بدون موسيقى),43,Jordan,JO,1974.0,,,,,,,
2976,Ufuk Kızıl,Kalk Gidelim,46,Jordan,JO,1974.0,,,,,,,
2982,Ahmad Almasdar,عزف دحية طرب حماسيه,52,Jordan,JO,1974.0,,,,,,,
2983,3Tbfm,موسيقى هدوء,53,Jordan,JO,1974.0,,,,,,,
2987,عايض,لماح,57,Jordan,JO,1974.0,,,,,,,
2992,Y8MD,Mosquito sound 15000Hz,62,Jordan,JO,1974.0,,,,,,,
2995,Humood AlKhudher,لم نخلق عبثاً,65,Jordan,JO,1974.0,,,,,,,
3001,عمر العبداللات,زفتنا 2 العرس الأردني,71,Jordan,JO,1974.0,,,,,,,
3002,Tayf | طيف,صباح الخير دعاء الصباح,72,Jordan,JO,1974.0,,,,,,,
3008,Abdullah Nasser,حلوه حياتي معاه,78,Jordan,JO,1974.0,,,,,,,
3009,QUESS,1 second count / when button pressed / time signal 03(1107043),79,Jordan,JO,1974.0,,,,,,,
3014,Ponetto,"Comedy Scenes - Comical, stupid, odd, lovely (Drumless)(1441321)",85,Jordan,JO,1974.0,,,,,,,
3015,عمر العبداللات,هدبتلي,86,Jordan,JO,1974.0,,,,,,,
3016,خليل البلوشي & khalil albalushi,نبدأ بالصلاة و السلام على رسولنا الكريم,87,Jordan,JO,1974.0,,,,,,,
3017,سليم سالم,يا حته,88,Jordan,JO,1974.0,,,,,,,
3021,3TBFM,موسيقى الشوق,92,Jordan,JO,1974.0,,,,,,,
3024,"Alboom, Mattia Feliciani, Matteo Locasciulli, Victor Galey,",No Redemption,95,Jordan,JO,1974.0,,,,,,,
3025,بسام مهدي,أنت الحب,96,Jordan,JO,1974.0,,,,,,,
3084,GXMZ,FRAY (Slowed),57,Kazakhstan,KZ,1992.0,Previous country name used by ISO: Kazakstan,,,,,,
3096,Oybek,Sog'inganim rost,69,Kazakhstan,KZ,1992.0,Previous country name used by ISO: Kazakstan,,,,,,
3102,Apollo Nove,Creepy Violins,75,Kazakhstan,KZ,1992.0,Previous country name used by ISO: Kazakstan,,,,,,
3103,ati2x06 & KlaizeeXD & Twinzy,Ela Joga na Hora,76,Kazakhstan,KZ,1992.0,Previous country name used by ISO: Kazakstan,,,,,,
3122,Draganov89,Epic Music(863502),95,Kazakhstan,KZ,1992.0,Previous country name used by ISO: Kazakstan,,,,,,
3123,S7Airlines by ВАНДЕРДОГ,Воспоминания,96,Kazakhstan,KZ,1992.0,Previous country name used by ISO: Kazakstan,,,,,,
3138,moshimo sound design,Chopin Nocturne No. 2 Piano Mono,11,Kuwait,KW,1974.0,,,,,,,
3140,Sonnerie Silencieux,"Mode Silence - Muet, Mode Silencieux, Calme, Chut Pour Iphone",13,Kuwait,KW,1974.0,,,,,,,
3146,عبدالمجيد عبدالله,غزال ما ينصادي,19,Kuwait,KW,1974.0,,,,,,,
3158,BCD Studio,Sunrise,31,Kuwait,KW,1974.0,,,,,,,
3162,Tansa,Powerful songs like action movie music,35,Kuwait,KW,1974.0,,,,,,,
3179,Ufuk Kızıl,Kalk Gidelim,52,Kuwait,KW,1974.0,,,,,,,
3198,Jason LoCricchio,Join the Team-Backing Track,71,Kuwait,KW,1974.0,,,,,,,
3204,Ah2,Show Stopper (Syn),77,Kuwait,KW,1974.0,,,,,,,
3207,Draganov89,Epic Music(863502),80,Kuwait,KW,1974.0,,,,,,,
3211,حمزة المحمداوي,اول مرة,86,Kuwait,KW,1974.0,,,,,,,
3218,عايض,لماح,94,Kuwait,KW,1974.0,,,,,,,
3250,BCD Studio,Ready,26,Latvia,LV,1992.0,,,,,,,
3260,Draganov89,Epic Music(863502),36,Latvia,LV,1992.0,,,,,,,
3272,Apollo Nove,Creepy Violins,48,Latvia,LV,1992.0,,,,,,,
3279,moshimo sound design,Chopin Nocturne No. 2 Piano Mono,56,Latvia,LV,1992.0,,,,,,,
3283,Clavier,Hinoki Wood,60,Latvia,LV,1992.0,,,,,,,
3287,BCD Studio,Sunrise,64,Latvia,LV,1992.0,,,,,,,
3305,Kevin MacLeod & Kevin The Monkey,Monkeys Spinning Monkeys,82,Latvia,LV,1992.0,,,,,,,
3306,Canal Records JP,Rock and Roll Session,83,Latvia,LV,1992.0,,,,,,,
3308,BCD Studio Cg,Let's go,85,Latvia,LV,1992.0,,,,,,,
3313,unknown,eating sound,90,Latvia,LV,1992.0,,,,,,,
3339,عبدالمجيد عبدالله,غزال ما ينصادي,16,Lebanon,LB,1974.0,,,,,,,
3344,Tansa,Powerful songs like action movie music,21,Lebanon,LB,1974.0,,,,,,,
3346,BCD Studio,Sunrise,23,Lebanon,LB,1974.0,,,,,,,
3358,Sonnerie Silencieux,"Mode Silence - Muet, Mode Silencieux, Calme, Chut Pour Iphone",35,Lebanon,LB,1974.0,,,,,,,
3360,Ponetto,"Comedy Scenes - Comical, stupid, odd, lovely (Drumless)(1441321)",37,Lebanon,LB,1974.0,,,,,,,
3377,علي بركات,كل ما يهب الغضب,54,Lebanon,LB,1974.0,,,,,,,
3389,فرقة الفجر,موسيقى رسالة الثوار - الوعد الصادق,66,Lebanon,LB,1974.0,,,,,,,
3392,علي بركات,شيعة علي,69,Lebanon,LB,1974.0,,,,,,,
3397,Ufuk Kızıl,Kalk Gidelim,74,Lebanon,LB,1974.0,,,,,,,
3400,Abdullah Nasser,حلوه حياتي معاه,77,Lebanon,LB,1974.0,,,,,,,
3401,Draganov89,Epic Music(863502),78,Lebanon,LB,1974.0,,,,,,,
3405,علي بركات,ما تغلطو معنا,82,Lebanon,LB,1974.0,,,,,,,
3478,Clavier,Hinoki Wood,56,Lithuania,LT,1992.0,,,,,,,
3496,Draganov89,Epic Music(863502),74,Lithuania,LT,1992.0,,,,,,,
3497,unknown,eating sound,75,Lithuania,LT,1992.0,,,,,,,
3500,BCD Studio,Ready,78,Lithuania,LT,1992.0,,,,,,,
3505,moshimo sound design,Chopin Nocturne No. 2 Piano Mono,83,Lithuania,LT,1992.0,,,,,,,
3508,Skittlegirl Sound,"Spooky, quiet, scary atmosphere piano songs",86,Lithuania,LT,1992.0,,,,,,,
3509,Gloveity,"10 minutes, meditation, sleep, mindfulness, night(951759)",87,Lithuania,LT,1992.0,,,,,,,
3511,Apollo Nove,Creepy Violins,89,Lithuania,LT,1992.0,,,,,,,
3538,BCD Studio,Ready,16,Luxembourg,LU,1974.0,,,,,,,
3545,BCD Studio,Sunrise,24,Luxembourg,LU,1974.0,,,,,,,
3548,Lt FitzGibbons Men,Monkeyshine-JP,27,Luxembourg,LU,1974.0,,,,,,,
3555,Draganov89,Epic Music(863502),34,Luxembourg,LU,1974.0,,,,,,,
3570,Gloveity,"10 minutes, meditation, sleep, mindfulness, night(951759)",49,Luxembourg,LU,1974.0,,,,,,,
3575,takaya,"Suspense, horror, piano and music box",54,Luxembourg,LU,1974.0,,,,,,,
3591,Tansa,Powerful songs like action movie music,70,Luxembourg,LU,1974.0,,,,,,,
3594,Kevin MacLeod & Kevin The Monkey,Monkeys Spinning Monkeys,73,Luxembourg,LU,1974.0,,,,,,,
3602,Apollo Nove,Creepy Violins,81,Luxembourg,LU,1974.0,,,,,,,
3603,Skittlegirl Sound,"Spooky, quiet, scary atmosphere piano songs",82,Luxembourg,LU,1974.0,,,,,,,
3616,August Son Productions,11 Binaural Beats 1 Hz,95,Luxembourg,LU,1974.0,,,,,,,
3620,yo suzuki(akisai),"Funny video ""Carmen Prelude"" Arranging weakness(836530)",99,Luxembourg,LU,1974.0,,,,,,,
3641,yo suzuki(akisai),"Funny video ""Carmen Prelude"" Arranging weakness(836530)",24,Macao,MO,1974.0,Previous country name used by ISO: Macau,,,,,,
3662,DJ Manikci Team,DJ MORE THAN YOU KNOW X ALONE MELODY,45,Macao,MO,1974.0,Previous country name used by ISO: Macau,,,,,,
3667,XGPRMI,JSS硬曲 (Tình yêu và Remix),50,Macao,MO,1974.0,Previous country name used by ISO: Macau,,,,,,
3669,RIZAL NHARCKY,My Neck My Body Plat Kt,52,Macao,MO,1974.0,Previous country name used by ISO: Macau,,,,,,
3673,Apollo Nove,Creepy Violins,56,Macao,MO,1974.0,Previous country name used by ISO: Macau,,,,,,
3676,Gray Griggs,Live Your Beautiful Life,59,Macao,MO,1974.0,Previous country name used by ISO: Macau,,,,,,
3691,Tansa,Powerful songs like action movie music,74,Macao,MO,1974.0,Previous country name used by ISO: Macau,,,,,,
3706,orino,Vlog ・ Stylish city pop(1275391),90,Macao,MO,1974.0,Previous country name used by ISO: Macau,,,,,,
3710,Sonnerie Silencieux,"Mode Silence - Muet, Mode Silencieux, Calme, Chut Pour Iphone",95,Macao,MO,1974.0,Previous country name used by ISO: Macau,,,,,,
3717,yo suzuki(akisai),"Funny video ""Carmen Prelude"" Arranging weakness(836530)",2,Malaysia,MY,1974.0,,,,,,,
3729,Mitsu Sound,Very cute melody by marimba tone(39813),14,Malaysia,MY,1974.0,,,,,,,
3750,MaSssuguMusic,Ghibli-style nostalgic waltz,35,Malaysia,MY,1974.0,,,,,,,
3752,orino,Vlog ・ Stylish city pop(1275391),37,Malaysia,MY,1974.0,,,,,,,
3753,BCD Studio,Sunrise,38,Malaysia,MY,1974.0,,,,,,,
3757,furufuru,3 minutes cooking song(863632),43,Malaysia,MY,1974.0,,,,,,,
3765,Azuline,Pretty song that imaged a sleeping baby,51,Malaysia,MY,1974.0,,,,,,,
3767,Tansa,Powerful songs like action movie music,53,Malaysia,MY,1974.0,,,,,,,
3778,vmozjr,Seruling Kalonaho,64,Malaysia,MY,1974.0,,,,,,,
3794,LEOPARD,Funny lazy donkey (hilarious song)(937200),80,Malaysia,MY,1974.0,,,,,,,
3800,上野燿,Animal baby,86,Malaysia,MY,1974.0,,,,,,,
3802,Draganov89,Epic Music(863502),89,Malaysia,MY,1974.0,,,,,,,
3810,Sound Owl,[Animals and dishes] Cute BGM,98,Malaysia,MY,1974.0,,,,,,,
3848,Sonnerie Silencieux,"Mode Silence - Muet, Mode Silencieux, Calme, Chut Pour Iphone",38,Mexico,MX,1974.0,,,,,,,
3875,takaya,"Suspense, horror, piano and music box",65,Mexico,MX,1974.0,,,,,,,
3920,دعاء لحياوي,بضاضي,11,Morocco,MA,1974.0,Code taken from name in French: Maroc,,,,,,
3933,BCD Studio,Sunrise,25,Morocco,MA,1974.0,Code taken from name in French: Maroc,,,,,,
3937,زكرياء الغفولي,هكا عاجبني أنا,29,Morocco,MA,1974.0,Code taken from name in French: Maroc,,,,,,
3957,شعبي الوترة,شعبي أومبيونس,50,Morocco,MA,1974.0,Code taken from name in French: Maroc,,,,,,
3965,Tansa,Powerful songs like action movie music,58,Morocco,MA,1974.0,Code taken from name in French: Maroc,,,,,,
3967,Draganov89,Epic Music(863502),60,Morocco,MA,1974.0,Code taken from name in French: Maroc,,,,,,
3973,marocofficial,أغنية المسيرة الخضراء,66,Morocco,MA,1974.0,Code taken from name in French: Maroc,,,,,,
3974,عبدالمجيد عبدالله,غزال ما ينصادي,67,Morocco,MA,1974.0,Code taken from name in French: Maroc,,,,,,
3979,نعمان بلعياشي,بلا بلا,72,Morocco,MA,1974.0,Code taken from name in French: Maroc,,,,,,
3981,Sonnerie Silencieux,"Mode Silence - Muet, Mode Silencieux, Calme, Chut Pour Iphone",74,Morocco,MA,1974.0,Code taken from name in French: Maroc,,,,,,
3987,3Tbfm,موسيقى هدوء,80,Morocco,MA,1974.0,Code taken from name in French: Maroc,,,,,,
3997,رضوان محمود,صلوا على المصطفى (بدون موسيقى),90,Morocco,MA,1974.0,Code taken from name in French: Maroc,,,,,,
4006,Abdullah Nasser,حلوه حياتي معاه,99,Morocco,MA,1974.0,Code taken from name in French: Maroc,,,,,,
4033,Ufuk Kızıl,Kalk Gidelim,26,Myanmar,MM,1989.0,Name changed from Burma (BU),,,,,,
4038,Nay Min Kha,Bawa Kyoe Wine,31,Myanmar,MM,1989.0,Name changed from Burma (BU),,,,,,
4040,Zeno & Saw Eh & Nay Yan,Yin Khwin Hme,33,Myanmar,MM,1989.0,Name changed from Burma (BU),,,,,,
4046,永彬Ryan.B,没有理由,39,Myanmar,MM,1989.0,Name changed from Burma (BU),,,,,,
4047,Ah2,Show Stopper (Syn),40,Myanmar,MM,1989.0,Name changed from Burma (BU),,,,,,
4049,"Alboom, Mattia Feliciani, Matteo Locasciulli, Victor Galey,",No Redemption,42,Myanmar,MM,1989.0,Name changed from Burma (BU),,,,,,
4054,Apollo Nove,Creepy Violins,47,Myanmar,MM,1989.0,Name changed from Burma (BU),,,,,,
4055,Gendis YETE,DJ DANZA KUDURO X CATUCADEW,48,Myanmar,MM,1989.0,Name changed from Burma (BU),,,,,,
4060,苏鹤&萌妹,NevadaDJ（抖音热播）,53,Myanmar,MM,1989.0,Name changed from Burma (BU),,,,,,
4061,Aung Ko Ko,Lay Lwnint Chin Lan Ma Myr Feat.Htet Kaung Kin,54,Myanmar,MM,1989.0,Name changed from Burma (BU),,,,,,
4067,Vannex,Vennex New Song (Live),60,Myanmar,MM,1989.0,Name changed from Burma (BU),,,,,,
4074,Jeep Jeep,မင်းရဲ့အမိန့်တော်အတိုင်း,67,Myanmar,MM,1989.0,Name changed from Burma (BU),,,,,,
4076,Ko Feel,Lo Nay Chin Time,69,Myanmar,MM,1989.0,Name changed from Burma (BU),,,,,,
4077,DJ Manikci Team,DJ MORE THAN YOU KNOW X ALONE MELODY,70,Myanmar,MM,1989.0,Name changed from Burma (BU),,,,,,
4083,J Cup x Dz,Chaw,76,Myanmar,MM,1989.0,Name changed from Burma (BU),,,,,,
4091,Ah2,Retro Relaxation (Syn),84,Myanmar,MM,1989.0,Name changed from Burma (BU),,,,,,
4101,vmozjr,Seruling Kalonaho,96,Myanmar,MM,1989.0,Name changed from Burma (BU),,,,,,
4104,慕初音,爱的魔法（Cover 金莎）,99,Myanmar,MM,1989.0,Name changed from Burma (BU),,,,,,
4136,Lt FitzGibbons Men,Monkeyshine-JP,32,Netherlands,NL,1974.0,,,,,,,
4164,yo suzuki(akisai),"Funny video ""Carmen Prelude"" Arranging weakness(836530)",61,Netherlands,NL,1974.0,,,,,,,
4168,Gloveity,"10 minutes, meditation, sleep, mindfulness, night(951759)",65,Netherlands,NL,1974.0,,,,,,,
4176,BCD Studio,Ready,73,Netherlands,NL,1974.0,,,,,,,
4184,Kevin MacLeod & Kevin The Monkey,Monkeys Spinning Monkeys,81,Netherlands,NL,1974.0,,,,,,,
4187,BCD Studio,Sunrise,84,Netherlands,NL,1974.0,,,,,,,
4200,Clavier,Hinoki Wood,97,Netherlands,NL,1974.0,,,,,,,
4203,Draganov89,Epic Music(863502),100,Netherlands,NL,1974.0,,,,,,,
4248,unknown,eating sound,45,New Zealand,NZ,1974.0,,,,,,,
4270,Kevin MacLeod & Kevin The Monkey,Monkeys Spinning Monkeys,67,New Zealand,NZ,1974.0,,,,,,,
4292,yo suzuki(akisai),"Funny video ""Carmen Prelude"" Arranging weakness(836530)",90,New Zealand,NZ,1974.0,,,,,,,
4328,Flexee,I'm Coming - Sped Up - Sped Up,27,Nigeria,NG,1974.0,,,,,,,
4337,Mega & Meneer Cee,Pikkewyne (Remix),36,Nigeria,NG,1974.0,,,,,,,
4417,Piero Piccioni,Western Music: Arizona Dreaming,17,Norway,NO,1974.0,,,,,,,
4426,Annika,Så længe jeg er s3xy.,26,Norway,NO,1974.0,,,,,,,
4431,unknown,eating sound,31,Norway,NO,1974.0,,,,,,,
4432,Icy Light,Grieg / Morning Mood 02 (Full Oke LP version)(899765),32,Norway,NO,1974.0,,,,,,,
4437,Clavier,Hinoki Wood,37,Norway,NO,1974.0,,,,,,,
4442,Lt FitzGibbons Men,Monkeyshine-JP,42,Norway,NO,1974.0,,,,,,,
4482,yo suzuki(akisai),"Funny video ""Carmen Prelude"" Arranging weakness(836530)",82,Norway,NO,1974.0,,,,,,,
4490,MusicBox,Yacht Club,90,Norway,NO,1974.0,,,,,,,
4495,Kevin MacLeod & Kevin The Monkey,Monkeys Spinning Monkeys,95,Norway,NO,1974.0,,,,,,,
4498,moshimo sound design,Chopin Nocturne No. 2 Piano Mono,98,Norway,NO,1974.0,,,,,,,
4512,Sonnerie Silencieux,"Mode Silence - Muet, Mode Silencieux, Calme, Chut Pour Iphone",12,Oman,OM,1974.0,,,,,,,
4523,عبدالمجيد عبدالله,غزال ما ينصادي,23,Oman,OM,1974.0,,,,,,,
4529,BCD Studio,Sunrise,29,Oman,OM,1974.0,,,,,,,
4530,Tansa,Powerful songs like action movie music,30,Oman,OM,1974.0,,,,,,,
4532,حسين الجسمي,حلوة عمان,32,Oman,OM,1974.0,,,,,,,
4535,Oruc Amin,QapQara Zülmet Geceler,35,Oman,OM,1974.0,,,,,,,
4539,Ufuk Kızıl,Kalk Gidelim,39,Oman,OM,1974.0,,,,,,,
4548,syummacha,slow piano music(1297827),48,Oman,OM,1974.0,,,,,,,
4560,vmozjr,Seruling Kalonaho,60,Oman,OM,1974.0,,,,,,,
4563,Nazmuldtm,سورة الحشرهُوَ ٱللَّهُ ٱلَّذِي لاَ إِلَـٰهَ إِلاَّ هُوَ,63,Oman,OM,1974.0,,,,,,,
4565,Ah2,Show Stopper (Syn),65,Oman,OM,1974.0,,,,,,,
4584,The Choir of Royal Holloway & Rupert Gough,Clausen: In pace,84,Oman,OM,1974.0,,,,,,,
4585,"Alboom, Mattia Feliciani, Matteo Locasciulli, Victor Galey,",No Redemption,85,Oman,OM,1974.0,,,,,,,
4593,Darshan Raval,Tumko Mein Bhula Dunga,93,Oman,OM,1974.0,,,,,,,
4597,Kamrul Hasan Tuhin,ঢেউ জানা এক নদীর কাছে গভীর কিছু শেখার আছে সেই নদীতে নৌকো ভাসাই,97,Oman,OM,1974.0,,,,,,,
4606,syummacha,slow piano music(1297827),6,Pakistan,PK,1974.0,,,,,,,
4620,Mukhtiyar Ali Sheedi,Sohna Lal Sain Jeven Sadain,20,Pakistan,PK,1974.0,,,,,,,
4627,Oruc Amin,QapQara Zülmet Geceler,27,Pakistan,PK,1974.0,,,,,,,
4634,Ufuk Kızıl,Kalk Gidelim,34,Pakistan,PK,1974.0,,,,,,,
4643,Sonnerie Silencieux,"Mode Silence - Muet, Mode Silencieux, Calme, Chut Pour Iphone",43,Pakistan,PK,1974.0,,,,,,,
4650,BCD Studio,Sunrise,50,Pakistan,PK,1974.0,,,,,,,
4664,LEVIN,Hawa banai thadi re meri sunny deal si body re,64,Pakistan,PK,1974.0,,,,,,,
4665,Darshan Raval,Tumko Mein Bhula Dunga,65,Pakistan,PK,1974.0,,,,,,,
4685,vmozjr,Seruling Kalonaho,85,Pakistan,PK,1974.0,,,,,,,
4689,Tariq Jameel,Halal Kamai,89,Pakistan,PK,1974.0,,,,,,,
4693,Tansa,Powerful songs like action movie music,93,Pakistan,PK,1974.0,,,,,,,
4757,Canal Records JP,Rock and Roll Session,63,Peru,PE,1974.0,,,,,,,
4767,KAROL G & Feid & DFZM,+57,73,Peru,PE,1974.0,,,,,,,
4776,Sonnerie Silencieux,"Mode Silence - Muet, Mode Silencieux, Calme, Chut Pour Iphone",82,Peru,PE,1974.0,,,,,,,
4779,takaya,"Suspense, horror, piano and music box",86,Peru,PE,1974.0,,,,,,,
4790,moshimo sound design,Chopin Nocturne No. 2 Piano Mono,97,Peru,PE,1974.0,,,,,,,
4805,"Queens Road, Fabian Graetz",FEEL THE GROOVE,12,Philippines,PH,1974.0,,,,,,,
4813,yo suzuki(akisai),"Funny video ""Carmen Prelude"" Arranging weakness(836530)",20,Philippines,PH,1974.0,,,,,,,
4817,PARTYNEXTDOOR,Make It To The Morning,24,Philippines,PH,1974.0,,,,,,,
4827,orino,Vlog ・ Stylish city pop(1275391),35,Philippines,PH,1974.0,,,,,,,
4880,Mitsu Sound,Very cute melody by marimba tone(39813),90,Philippines,PH,1974.0,,,,,,,
4882,Lill Lilly,"Comical, fun, cute, video background music(1124511)",92,Philippines,PH,1974.0,,,,,,,
4897,moshimo sound design,Chopin Nocturne No. 2 Piano Mono,7,Poland,PL,1974.0,,,,,,,
4971,BCD Studio,Ready,82,Poland,PL,1974.0,,,,,,,
4973,Lt FitzGibbons Men,Monkeyshine-JP,84,Poland,PL,1974.0,,,,,,,
4975,Gloveity,"10 minutes, meditation, sleep, mindfulness, night(951759)",86,Poland,PL,1974.0,,,,,,,
4978,Kevin MacLeod & Kevin The Monkey,Monkeys Spinning Monkeys,89,Poland,PL,1974.0,,,,,,,
4984,Clavier,Hinoki Wood,96,Poland,PL,1974.0,,,,,,,
5036,Gloveity,"10 minutes, meditation, sleep, mindfulness, night(951759)",51,Portugal,PT,1974.0,,,,,,,
5043,BCD Studio,Ready,58,Portugal,PT,1974.0,,,,,,,
5053,ati2x06 & KlaizeeXD & Twinzy,Ela Joga na Hora,68,Portugal,PT,1974.0,,,,,,,
5063,Lt FitzGibbons Men,Monkeyshine-JP,78,Portugal,PT,1974.0,,,,,,,
5067,takaya,"Suspense, horror, piano and music box",82,Portugal,PT,1974.0,,,,,,,
5071,BCD Studio,Sunrise,86,Portugal,PT,1974.0,,,,,,,
5098,Sonnerie Silencieux,"Mode Silence - Muet, Mode Silencieux, Calme, Chut Pour Iphone",14,Qatar,QA,1974.0,,,,,,,
5108,BCD Studio,Sunrise,24,Qatar,QA,1974.0,,,,,,,
5111,Tansa,Powerful songs like action movie music,27,Qatar,QA,1974.0,,,,,,,
5129,عبدالمجيد عبدالله,غزال ما ينصادي,45,Qatar,QA,1974.0,,,,,,,
5132,Ufuk Kızıl,Kalk Gidelim,48,Qatar,QA,1974.0,,,,,,,
5135,vmozjr,Seruling Kalonaho,51,Qatar,QA,1974.0,,,,,,,
5140,Oruc Amin,QapQara Zülmet Geceler,56,Qatar,QA,1974.0,,,,,,,
5151,حسين الجسمي,كل شيء في قطر,68,Qatar,QA,1974.0,,,,,,,
5153,Draganov89,Epic Music(863502),70,Qatar,QA,1974.0,,,,,,,
5166,Ah2,Show Stopper (Syn),84,Qatar,QA,1974.0,,,,,,,
5184,moshimo sound design,Chopin Nocturne No. 2 Piano Mono,2,Romania,RO,1974.0,,,,,,,
5199,BCD Studio,Ready,17,Romania,RO,1974.0,,,,,,,
5228,Draganov89,Epic Music(863502),47,Romania,RO,1974.0,,,,,,,
5236,Lt FitzGibbons Men,Monkeyshine-JP,55,Romania,RO,1974.0,,,,,,,
5243,takaya,"Suspense, horror, piano and music box",62,Romania,RO,1974.0,,,,,,,
5249,Jason LoCricchio,Join the Team-Backing Track,68,Romania,RO,1974.0,,,,,,,
5252,Gloveity,"10 minutes, meditation, sleep, mindfulness, night(951759)",71,Romania,RO,1974.0,,,,,,,
5253,BCD Studio,Sunrise,72,Romania,RO,1974.0,,,,,,,
5262,MoppySound,Ambient-style emotional piano,81,Romania,RO,1974.0,,,,,,,
5270,Tansa,Powerful songs like action movie music,90,Romania,RO,1974.0,,,,,,,
5280,Apollo Nove,Creepy Violins,100,Romania,RO,1974.0,,,,,,,
5289,عبدالمجيد عبدالله,غزال ما ينصادي,9,Saudi Arabia,SA,1974.0,,,,,,,
5293,Sonnerie Silencieux,"Mode Silence - Muet, Mode Silencieux, Calme, Chut Pour Iphone",13,Saudi Arabia,SA,1974.0,,,,,,,
5295,Icy Light,Swan Lake 01 (Full Oke Normal Edition)(982830),15,Saudi Arabia,SA,1974.0,,,,,,,
5298,نادر الشراري,دار السعودي,18,Saudi Arabia,SA,1974.0,,,,,,,
5299,Abdulaah alz,قديم حسين العلي تفننتي,19,Saudi Arabia,SA,1974.0,,,,,,,
5311,BCD Studio,Sunrise,31,Saudi Arabia,SA,1974.0,,,,,,,
5335,Tansa,Powerful songs like action movie music,55,Saudi Arabia,SA,1974.0,,,,,,,
5342,3Tbfm,موسيقى هدوء,62,Saudi Arabia,SA,1974.0,,,,,,,
5347,Ufuk Kızıl,Kalk Gidelim,67,Saudi Arabia,SA,1974.0,,,,,,,
5351,زايد الصالح,يا ندمانه,71,Saudi Arabia,SA,1974.0,,,,,,,
5353,AllMusicGallery,"P.I.Tchaikovsky, Swan Lake (Swan Theme)",73,Saudi Arabia,SA,1974.0,,,,,,,
5358,moshimo sound design,Chopin Nocturne No. 2 Piano Mono,78,Saudi Arabia,SA,1974.0,,,,,,,
5364,عايض,لماح,84,Saudi Arabia,SA,1974.0,,,,,,,
5368,رضوان محمود,صلوا على المصطفى (بدون موسيقى),88,Saudi Arabia,SA,1974.0,,,,,,,
5397,BCD Studio,Sunrise,18,Singapore,SG,1974.0,,,,,,,
5404,yo suzuki(akisai),"Funny video ""Carmen Prelude"" Arranging weakness(836530)",26,Singapore,SG,1974.0,,,,,,,
5412,moshimo sound design,Chopin Nocturne No. 2 Piano Mono,34,Singapore,SG,1974.0,,,,,,,
5430,BCD Studio,Future,53,Singapore,SG,1974.0,,,,,,,
5436,"Queens Road, Fabian Graetz",FEEL THE GROOVE,59,Singapore,SG,1974.0,,,,,,,
5437,orino,Vlog ・ Stylish city pop(1275391),60,Singapore,SG,1974.0,,,,,,,
5445,Mitsu Sound,Very cute melody by marimba tone(39813),68,Singapore,SG,1974.0,,,,,,,
5447,MaSssuguMusic,Ghibli-style nostalgic waltz,71,Singapore,SG,1974.0,,,,,,,
5455,Catherine Duc,Enigma of Tranquility,79,Singapore,SG,1974.0,,,,,,,
5459,BCD Studio,i want it i got it,83,Singapore,SG,1974.0,,,,,,,
5471,Catherine Duc,Enchanted Whispers,95,Singapore,SG,1974.0,,,,,,,
5477,moshimo sound design,Chopin Nocturne No. 2 Piano Mono,1,Slovakia,SK,1993.0,SK previously represented Sikkim,,,,,,
5487,Nia,Nalej mi víno,11,Slovakia,SK,1993.0,SK previously represented Sikkim,,,,,,
5524,Healing Music Lab,Healing music of love frequency 528Hz(1288586),49,Slovakia,SK,1993.0,SK previously represented Sikkim,,,,,,
5536,Lt FitzGibbons Men,Monkeyshine-JP,62,Slovakia,SK,1993.0,SK previously represented Sikkim,,,,,,
5543,苏瞳,大梦淋雨(DJ版),69,Slovakia,SK,1993.0,SK previously represented Sikkim,,,,,,
5546,Gloveity,"10 minutes, meditation, sleep, mindfulness, night(951759)",72,Slovakia,SK,1993.0,SK previously represented Sikkim,,,,,,
5551,BCD Studio,Ready,77,Slovakia,SK,1993.0,SK previously represented Sikkim,,,,,,
5566,Gaara FF,Next Rmx (Remix),92,Slovakia,SK,1993.0,SK previously represented Sikkim,,,,,,
5571,Draganov89,Epic Music(863502),97,Slovakia,SK,1993.0,SK previously represented Sikkim,,,,,,
5572,Skittlegirl Sound,"Spooky, quiet, scary atmosphere piano songs",98,Slovakia,SK,1993.0,SK previously represented Sikkim,,,,,,
5575,Mega & Meneer Cee,Pikkewyne (Remix),1,South Africa,ZA,1974.0,Code taken from name in Dutch: Zuid-Afrika,,,,,,
5601,SKUNK,VLOG Dramatic Calming BGM(1390605),27,South Africa,ZA,1974.0,Code taken from name in Dutch: Zuid-Afrika,,,,,,
5602,Kabza De Small,Amalanga Aw'fani,28,South Africa,ZA,1974.0,Code taken from name in Dutch: Zuid-Afrika,,,,,,
5640,JEFF_OFFICIAL,Kasongo yeye,67,South Africa,ZA,1974.0,Code taken from name in Dutch: Zuid-Afrika,,,,,,
5679,GINTA & ODAKEi,UCHIDA 1,7,South Korea,KR,1974.0,"i.e., South Korea",,,,,,
5687,moshimo sound design,Chopin Nocturne No. 2 Piano Mono,15,South Korea,KR,1974.0,"i.e., South Korea",,,,,,
5691,heheonni,먹을거야 말리지마,19,South Korea,KR,1974.0,"i.e., South Korea",,,,,,
5694,Icy Light,Grieg / Morning Mood 02 (Full Oke LP version)(899765),22,South Korea,KR,1974.0,"i.e., South Korea",,,,,,
5703,Tsubaki & Sweet William,街から街,31,South Korea,KR,1974.0,"i.e., South Korea",,,,,,
5731,거북이,빙고,60,South Korea,KR,1974.0,"i.e., South Korea",,,,,,
5741,이혜진 (HEY JINI),힘들때 위로가 되는 노래(疲惫时可以成为安慰的歌曲),71,South Korea,KR,1974.0,"i.e., South Korea",,,,,,
5746,SoBerBoi,♡ ᶫᵒᵛᵉᵧₒᵤ ♡,76,South Korea,KR,1974.0,"i.e., South Korea",,,,,,
5747,제이레빗,바람이 불어오는 곳,77,South Korea,KR,1974.0,"i.e., South Korea",,,,,,
5749,Jason LoCricchio,Join the Team-Backing Track,79,South Korea,KR,1974.0,"i.e., South Korea",,,,,,
5758,精神感染体,Track in Time (Cover Dennis Kuo),89,South Korea,KR,1974.0,"i.e., South Korea",,,,,,
5786,moshimo sound design,Chopin Nocturne No. 2 Piano Mono,19,Spain,ES,1974.0,Code taken from name in Spanish: España,,,,,,
5802,Gloveity,"10 minutes, meditation, sleep, mindfulness, night(951759)",37,Spain,ES,1974.0,Code taken from name in Spanish: España,,,,,,
5844,Lt FitzGibbons Men,Monkeyshine-JP,80,Spain,ES,1974.0,Code taken from name in Spanish: España,,,,,,
5846,3KTrack,"Christmas song ""Let's decorate""",82,Spain,ES,1974.0,Code taken from name in Spanish: España,,,,,,
5847,Karina y Marina & Hugo23 & Sennior,TOTO Karina vs Hugo23,83,Spain,ES,1974.0,Code taken from name in Spanish: España,,,,,,
5848,takaya,"Suspense, horror, piano and music box",84,Spain,ES,1974.0,Code taken from name in Spanish: España,,,,,,
5861,Draganov89,Epic Music(863502),98,Spain,ES,1974.0,Code taken from name in Spanish: España,,,,,,
5885,unknown,eating sound,22,Sweden,SE,1974.0,,,,,,,
5892,Piero Piccioni,Western Music: Arizona Dreaming,29,Sweden,SE,1974.0,,,,,,,
5905,Icy Light,Grieg / Morning Mood 02 (Full Oke LP version)(899765),42,Sweden,SE,1974.0,,,,,,,
5906,Lt FitzGibbons Men,Monkeyshine-JP,43,Sweden,SE,1974.0,,,,,,,
5915,Clavier,Hinoki Wood,52,Sweden,SE,1974.0,,,,,,,
5966,moshimo sound design,Chopin Nocturne No. 2 Piano Mono,3,Switzerland,CH,1974.0,Code taken from name in Latin: Confoederatio Helvetica,,,,,,
5987,Lt FitzGibbons Men,Monkeyshine-JP,24,Switzerland,CH,1974.0,Code taken from name in Latin: Confoederatio Helvetica,,,,,,
5990,Draganov89,Epic Music(863502),28,Switzerland,CH,1974.0,Code taken from name in Latin: Confoederatio Helvetica,,,,,,
5993,BCD Studio,Ready,31,Switzerland,CH,1974.0,Code taken from name in Latin: Confoederatio Helvetica,,,,,,
6023,Kevin MacLeod & Kevin The Monkey,Monkeys Spinning Monkeys,61,Switzerland,CH,1974.0,Code taken from name in Latin: Confoederatio Helvetica,,,,,,
6024,takaya,"Suspense, horror, piano and music box",62,Switzerland,CH,1974.0,Code taken from name in Latin: Confoederatio Helvetica,,,,,,
6028,yo suzuki(akisai),"Funny video ""Carmen Prelude"" Arranging weakness(836530)",66,Switzerland,CH,1974.0,Code taken from name in Latin: Confoederatio Helvetica,,,,,,
6034,Gloveity,"10 minutes, meditation, sleep, mindfulness, night(951759)",72,Switzerland,CH,1974.0,Code taken from name in Latin: Confoederatio Helvetica,,,,,,
6043,Tansa,Powerful songs like action movie music,81,Switzerland,CH,1974.0,Code taken from name in Latin: Confoederatio Helvetica,,,,,,
6044,BCD Studio,Sunrise,82,Switzerland,CH,1974.0,Code taken from name in Latin: Confoederatio Helvetica,,,,,,
6047,Apollo Nove,Creepy Violins,85,Switzerland,CH,1974.0,Code taken from name in Latin: Confoederatio Helvetica,,,,,,
6054,Skittlegirl Sound,"Spooky, quiet, scary atmosphere piano songs",92,Switzerland,CH,1974.0,Code taken from name in Latin: Confoederatio Helvetica,,,,,,
6061,Jason LoCricchio,Join the Team-Backing Track,99,Switzerland,CH,1974.0,Code taken from name in Latin: Confoederatio Helvetica,,,,,,
6066,DJ.King,我就皮一下哈哈哈,4,Taiwan,TW,1974.0,Covers the current jurisdiction of the Republic of China except Kinmen and Lienchiang,,,,,,
6070,XGPRMI,JSS硬曲 (Tình yêu và Remix),8,Taiwan,TW,1974.0,Covers the current jurisdiction of the Republic of China except Kinmen and Lienchiang,,,,,,
6074,欣雨歌,每天都有好心情,12,Taiwan,TW,1974.0,Covers the current jurisdiction of the Republic of China except Kinmen and Lienchiang,,,,,,
6075,欣雨歌,你可爱的样子,13,Taiwan,TW,1974.0,Covers the current jurisdiction of the Republic of China except Kinmen and Lienchiang,,,,,,
6079,欣雨歌,美食的味道,18,Taiwan,TW,1974.0,Covers the current jurisdiction of the Republic of China except Kinmen and Lienchiang,,,,,,
6085,背景音乐小助手,新闻快讯 重大报道,24,Taiwan,TW,1974.0,Covers the current jurisdiction of the Republic of China except Kinmen and Lienchiang,,,,,,
6095,所爱隔山海,战曲,35,Taiwan,TW,1974.0,Covers the current jurisdiction of the Republic of China except Kinmen and Lienchiang,,,,,,
6096,宋意弦,下辈子记得先爱自己,36,Taiwan,TW,1974.0,Covers the current jurisdiction of the Republic of China except Kinmen and Lienchiang,,,,,,
6101,宋智敏,我家的小可爱,41,Taiwan,TW,1974.0,Covers the current jurisdiction of the Republic of China except Kinmen and Lienchiang,,,,,,
6102,yo suzuki(akisai),"Funny video ""Carmen Prelude"" Arranging weakness(836530)",42,Taiwan,TW,1974.0,Covers the current jurisdiction of the Republic of China except Kinmen and Lienchiang,,,,,,
6103,GINTA & ODAKEi,UCHIDA 1,43,Taiwan,TW,1974.0,Covers the current jurisdiction of the Republic of China except Kinmen and Lienchiang,,,,,,
6105,梦洛伊,是时候表演真正的技术了（DJ版）,45,Taiwan,TW,1974.0,Covers the current jurisdiction of the Republic of China except Kinmen and Lienchiang,,,,,,
6109,Apollo Nove,Creepy Violins,50,Taiwan,TW,1974.0,Covers the current jurisdiction of the Republic of China except Kinmen and Lienchiang,,,,,,
6111,苏鹤&萌妹,NevadaDJ（抖音热播）,52,Taiwan,TW,1974.0,Covers the current jurisdiction of the Republic of China except Kinmen and Lienchiang,,,,,,
6112,Jason LoCricchio,Join the Team-Backing Track,53,Taiwan,TW,1974.0,Covers the current jurisdiction of the Republic of China except Kinmen and Lienchiang,,,,,,
6113,DJ Manikci Team,DJ MORE THAN YOU KNOW X ALONE MELODY,54,Taiwan,TW,1974.0,Covers the current jurisdiction of the Republic of China except Kinmen and Lienchiang,,,,,,
6116,李欣慰,古风温馨幸福叙事 - 中国风仙侠流行音乐,57,Taiwan,TW,1974.0,Covers the current jurisdiction of the Republic of China except Kinmen and Lienchiang,,,,,,
6117,东 百 下 小 雨,i watch the moon,58,Taiwan,TW,1974.0,Covers the current jurisdiction of the Republic of China except Kinmen and Lienchiang,,,,,,
6124,难抉择,有爱就不怕（Cover emovo）,65,Taiwan,TW,1974.0,Covers the current jurisdiction of the Republic of China except Kinmen and Lienchiang,,,,,,
6125,YOASOBI,たぶん,66,Taiwan,TW,1974.0,Covers the current jurisdiction of the Republic of China except Kinmen and Lienchiang,,,,,,
6126,BCD Studio,Sunrise,67,Taiwan,TW,1974.0,Covers the current jurisdiction of the Republic of China except Kinmen and Lienchiang,,,,,,
6127,音乐鉴赏,可爱呆萌,68,Taiwan,TW,1974.0,Covers the current jurisdiction of the Republic of China except Kinmen and Lienchiang,,,,,,
6128,RIZAL NHARCKY,My Neck My Body Plat Kt,69,Taiwan,TW,1974.0,Covers the current jurisdiction of the Republic of China except Kinmen and Lienchiang,,,,,,
6133,马丹,寂寞烟火（Cover 朱婧汐JING）,74,Taiwan,TW,1974.0,Covers the current jurisdiction of the Republic of China except Kinmen and Lienchiang,,,,,,
6135,邓家忠,芭比q了,76,Taiwan,TW,1974.0,Covers the current jurisdiction of the Republic of China except Kinmen and Lienchiang,,,,,,
6136,Mr.music,开心快乐轻松,77,Taiwan,TW,1974.0,Covers the current jurisdiction of the Republic of China except Kinmen and Lienchiang,,,,,,
6139,望新春,禅(纯音乐),81,Taiwan,TW,1974.0,Covers the current jurisdiction of the Republic of China except Kinmen and Lienchiang,,,,,,
6145,萌比Yfh,可爱くなりたい （Cover HoneyWorks/雨宮天）,87,Taiwan,TW,1974.0,Covers the current jurisdiction of the Republic of China except Kinmen and Lienchiang,,,,,,
6146,欣雨歌,吃饭啦,88,Taiwan,TW,1974.0,Covers the current jurisdiction of the Republic of China except Kinmen and Lienchiang,,,,,,
6150,宋智敏,小朋友的快乐（儿童歌曲）,92,Taiwan,TW,1974.0,Covers the current jurisdiction of the Republic of China except Kinmen and Lienchiang,,,,,,
6152,MrM,搞笑滑稽搞怪,94,Taiwan,TW,1974.0,Covers the current jurisdiction of the Republic of China except Kinmen and Lienchiang,,,,,,
6153,文武贝,愿得一人心 - 钢琴曲,95,Taiwan,TW,1974.0,Covers the current jurisdiction of the Republic of China except Kinmen and Lienchiang,,,,,,
6155,℉MUSI℃,要不要送他去上班,97,Taiwan,TW,1974.0,Covers the current jurisdiction of the Republic of China except Kinmen and Lienchiang,,,,,,
6163,Mitsu Sound,Very cute melody by marimba tone(39813),5,Thailand,TH,1974.0,,,,,,,
6170,orino,Vlog ・ Stylish city pop(1275391),12,Thailand,TH,1974.0,,,,,,,
6177,staywithnoppo,นปโปะหม่ำๆ,19,Thailand,TH,1974.0,,,,,,,
6178,NOAH,ไม่คลั่งรักได้ไง (speed up),20,Thailand,TH,1974.0,,,,,,,
6185,เมล ตวิษา แปดแสนซาวด์ & ปิ๋ม ชุติมา,ของใครของมัน - Preview,27,Thailand,TH,1974.0,,,,,,,
6186,Sound Owl,[Animals and dishes] Cute BGM,28,Thailand,TH,1974.0,,,,,,,
6189,LEOPARD,Funny lazy donkey (hilarious song)(937200),31,Thailand,TH,1974.0,,,,,,,
6191,ILLSLICK,ใจร้าย (Live Version),33,Thailand,TH,1974.0,,,,,,,
6201,上野燿,Animal baby,43,Thailand,TH,1974.0,,,,,,,
6205,Audiosphere,So Cute,47,Thailand,TH,1974.0,,,,,,,
6216,Silly Fools,เทพลีลา(HOOK),58,Thailand,TH,1974.0,,,,,,,
6218,โจอี้ ภูวศิษฐ์,นิดหน่อย,60,Thailand,TH,1974.0,,,,,,,
6222,BCD Studio,Future,64,Thailand,TH,1974.0,,,,,,,
6224,Mzyika Sound,にこにこわんちゃん,66,Thailand,TH,1974.0,,,,,,,
6225,NOVA,Sad song by piano and violin(886018),67,Thailand,TH,1974.0,,,,,,,
6231,moshimo sound design,Chopin Nocturne No. 2 Piano Mono,73,Thailand,TH,1974.0,,,,,,,
6236,เปเปอร์ เพลนส์ & โจอี้ ภูวศิษฐ์,สาริกาลิ้นทอง (Smooth-talker) (Main),78,Thailand,TH,1974.0,,,,,,,
6243,ILLSLICK,คำๆ เดียว Feat. LILY (ท่อนลิลลี่),86,Thailand,TH,1974.0,,,,,,,
6247,BCD Studio,Sunrise,90,Thailand,TH,1974.0,,,,,,,
6255,MaSssuguMusic,Ghibli-style nostalgic waltz,98,Thailand,TH,1974.0,,,,,,,
6256,Joey Boy,Rak Thoe Mai Mi Mot,99,Thailand,TH,1974.0,,,,,,,
6276,highmelih & ati2x06 & onvrwalker,Kabul Olan Tek Duamsın,19,Turkey,TR,1974.0,,,,,,,
6279,rash7.24,Pişt (1),22,Turkey,TR,1974.0,,,,,,,
6280,Blazer Boccle,WOTSAPNIN PT. TWO,23,Turkey,TR,1974.0,,,,,,,
6292,Brukan Müzik & Erhan Gündere,En Duygusal Fon Müziği 76,35,Turkey,TR,1974.0,,,,,,,
6329,Cahit Başkent,Öyle Bir Bakışın Varki,72,Turkey,TR,1974.0,,,,,,,
6332,Isyan Tetick,Adana Merkez Patlıyor Herkes,75,Turkey,TR,1974.0,,,,,,,
6341,BCD Studio,Sunrise,84,Turkey,TR,1974.0,,,,,,,
6349,onvrwalker & highmelih & ati2x06,Dale Don Dale,92,Turkey,TR,1974.0,,,,,,,
6351,AJIMUSTANG,超有节奏的异域风,94,Turkey,TR,1974.0,,,,,,,
6379,Apollo Nove,Creepy Violins,22,Ukraine,UA,1974.0,Previous country name used by ISO: Ukrainian SSR,,,,,,
6387,Draganov89,Epic Music(863502),30,Ukraine,UA,1974.0,Previous country name used by ISO: Ukrainian SSR,,,,,,
6409,BCD Studio,Sunrise,53,Ukraine,UA,1974.0,Previous country name used by ISO: Ukrainian SSR,,,,,,
6410,GXMZ,FRAY (Slowed),54,Ukraine,UA,1974.0,Previous country name used by ISO: Ukrainian SSR,,,,,,
6428,SLAP HOUSE MAFIA,Lovely,72,Ukraine,UA,1974.0,Previous country name used by ISO: Ukrainian SSR,,,,,,
6431,ati2x06 & KlaizeeXD & Twinzy,Ela Joga na Hora,75,Ukraine,UA,1974.0,Previous country name used by ISO: Ukrainian SSR,,,,,,
6442,Canal Records JP,Rock and Roll Session,86,Ukraine,UA,1974.0,Previous country name used by ISO: Ukrainian SSR,,,,,,
6444,moshimo sound design,Chopin Nocturne No. 2 Piano Mono,88,Ukraine,UA,1974.0,Previous country name used by ISO: Ukrainian SSR,,,,,,
6446,LC DE VV,Troll Phonk,90,Ukraine,UA,1974.0,Previous country name used by ISO: Ukrainian SSR,,,,,,
6473,Sonnerie Silencieux,"Mode Silence - Muet, Mode Silencieux, Calme, Chut Pour Iphone",18,United Arab Emirates,AE,1974.0,,,,,,,
6474,BCD Studio,Sunrise,19,United Arab Emirates,AE,1974.0,,,,,,,
6475,Tansa,Powerful songs like action movie music,20,United Arab Emirates,AE,1974.0,,,,,,,
6489,Oruc Amin,QapQara Zülmet Geceler,34,United Arab Emirates,AE,1974.0,,,,,,,
6509,عبدالمجيد عبدالله,غزال ما ينصادي,54,United Arab Emirates,AE,1974.0,,,,,,,
6512,Draganov89,Epic Music(863502),57,United Arab Emirates,AE,1974.0,,,,,,,
6514,syummacha,slow piano music(1297827),59,United Arab Emirates,AE,1974.0,,,,,,,
6517,Ufuk Kızıl,Kalk Gidelim,62,United Arab Emirates,AE,1974.0,,,,,,,
6518,marocofficial,النشيد الوطني الاماراتي,63,United Arab Emirates,AE,1974.0,,,,,,,
6522,vmozjr,Seruling Kalonaho,67,United Arab Emirates,AE,1974.0,,,,,,,
6523,The Choir of Royal Holloway & Rupert Gough,Clausen: In pace,68,United Arab Emirates,AE,1974.0,,,,,,,
6539,Jason LoCricchio,Join the Team-Backing Track,84,United Arab Emirates,AE,1974.0,,,,,,,
6607,BCD Studio,Sunrise,54,United Kingdom,GB,1974.0,Code taken from official name: United Kingdom of Great Britain and Northern Ireland,,,,,,
6614,Lt FitzGibbons Men,Monkeyshine-JP,61,United Kingdom,GB,1974.0,Code taken from official name: United Kingdom of Great Britain and Northern Ireland,,,,,,
6620,Kevin MacLeod & Kevin The Monkey,Monkeys Spinning Monkeys,68,United Kingdom,GB,1974.0,Code taken from official name: United Kingdom of Great Britain and Northern Ireland,,,,,,
6625,Draganov89,Epic Music(863502),73,United Kingdom,GB,1974.0,Code taken from official name: United Kingdom of Great Britain and Northern Ireland,,,,,,
6632,Gloveity,"10 minutes, meditation, sleep, mindfulness, night(951759)",80,United Kingdom,GB,1974.0,Code taken from official name: United Kingdom of Great Britain and Northern Ireland,,,,,,
6637,takaya,"Suspense, horror, piano and music box",86,United Kingdom,GB,1974.0,Code taken from official name: United Kingdom of Great Britain and Northern Ireland,,,,,,
6639,BCD Studio,Ready,88,United Kingdom,GB,1974.0,Code taken from official name: United Kingdom of Great Britain and Northern Ireland,,,,,,
6645,Skittlegirl Sound,"Spooky, quiet, scary atmosphere piano songs",94,United Kingdom,GB,1974.0,Code taken from official name: United Kingdom of Great Britain and Northern Ireland,,,,,,
6649,Clavier,Hinoki Wood,99,United Kingdom,GB,1974.0,Code taken from official name: United Kingdom of Great Britain and Northern Ireland,,,,,,
6666,Kevin MacLeod & Kevin The Monkey,Monkeys Spinning Monkeys,16,United States,US,1974.0,,,,,,,
6692,Lt FitzGibbons Men,Monkeyshine-JP,43,United States,US,1974.0,,,,,,,
6707,moshimo sound design,Chopin Nocturne No. 2 Piano Mono,58,United States,US,1974.0,,,,,,,
6708,Clavier,Hinoki Wood,59,United States,US,1974.0,,,,,,,
6709,takaya,"Suspense, horror, piano and music box",60,United States,US,1974.0,,,,,,,
6725,unknown,eating sound,77,United States,US,1974.0,,,,,,,
6732,Skittlegirl Sound,"Spooky, quiet, scary atmosphere piano songs",84,United States,US,1974.0,,,,,,,
6738,BCD Studio,Sunrise,90,United States,US,1974.0,,,,,,,
6776,Halip丨Music,Elvida Kecmisim,28,Uzbekistan,UZ,1992.0,,,,,,,
6794,Apollo Nove,Creepy Violins,46,Uzbekistan,UZ,1992.0,,,,,,,
6816,ati2x06 & KlaizeeXD & Twinzy,Ela Joga na Hora,68,Uzbekistan,UZ,1992.0,,,,,,,
6828,Rakibul Hasan Rahat,Alone,81,Uzbekistan,UZ,1992.0,,,,,,,
6829,Draganov89,Epic Music(863502),82,Uzbekistan,UZ,1992.0,,,,,,,
6833,Ufuk Kızıl,Kalk Gidelim,86,Uzbekistan,UZ,1992.0,,,,,,,
6834,Zarazza,Что ещё сказать.`,87,Uzbekistan,UZ,1992.0,,,,,,,
6838,GXMZ,FRAY (Slowed),91,Uzbekistan,UZ,1992.0,,,,,,,
6840,Talhaflex,вечера (slowed),93,Uzbekistan,UZ,1992.0,,,,,,,
6846,Sonnerie Silencieux,"Mode Silence - Muet, Mode Silencieux, Calme, Chut Pour Iphone",99,Uzbekistan,UZ,1992.0,,,,,,,
6852,Mitsu Sound,Very cute melody by marimba tone(39813),5,Vietnam,VN,1974.0,,,,,,,
6861,上野燿,Animal baby,14,Vietnam,VN,1974.0,,,,,,,
6863,Audiosphere,So Cute,16,Vietnam,VN,1974.0,,,,,,,
6871,BCD Studio,Sunrise,24,Vietnam,VN,1974.0,,,,,,,
6874,BCD Studio,Future,28,Vietnam,VN,1974.0,,,,,,,
6875,羽肿,羽肿 - Windy Hill,29,Vietnam,VN,1974.0,,,,,,,
6877,"Hương Giang, Phạm Hồng Phước",Mùa Ta Đã Yêu (Rap Version),31,Vietnam,VN,1974.0,,,,,,,
6879,陈小潇,阿衣莫（陈小潇 Remix）,33,Vietnam,VN,1974.0,,,,,,,
6882,Dinhmusic,Siêu quậy bát giới,36,Vietnam,VN,1974.0,,,,,,,
6885,Mianyang,起风了 (Cover 买辣椒也用券),39,Vietnam,VN,1974.0,,,,,,,
6902,EX Team,Têt Trung Thu,56,Vietnam,VN,1974.0,,,,,,,
6908,Dumak,Ổn Không Ổn Chứ - TikTok,62,Vietnam,VN,1974.0,,,,,,,
6910,汪琪灿,冬眠 钢琴版 (Cover 司南),64,Vietnam,VN,1974.0,,,,,,,
6913,刘汉成,Jar Of Love（DJ版） (刘汉成 Remix),68,Vietnam,VN,1974.0,,,,,,,
6919,童小丽,GoneBad（PHONK蝴蝶步舞版）,74,Vietnam,VN,1974.0,,,,,,,
6925,杜贴心,旅途（治愈版纯音乐),80,Vietnam,VN,1974.0,,,,,,,
6934,sosadcucmanh,Xinh Ngoan Yêu Của Anh Đâu Rồi,90,Vietnam,VN,1974.0,,,,,,,
6936,李欣慰,古风温馨幸福叙事 - 中国风仙侠流行音乐,92,Vietnam,VN,1974.0,,,,,,,
